Accuracy,Loss,FLOPs,CPU_Sec,Num_Params
0.72973,0.85627,472190912.46154,545.03924,4098654.92308
0.05804,0.23197,718428563.39821,188.33139,3989098.91927
